Configuration,Accuracy,R2,Feature Reduction
Raw data (no preprocessing),0.7935429038606368,0.5620791070513651,—
Cleaning only,0.7898208103173848,0.5818893937871978,—
Feature engineering only,0.7796148877187253,0.5793029249367022,17%
Full pipeline (Ours),0.6703369815624453,0.525146523694406,-19%
